0.01414214,1.316575,-0.6026187262,-1.348436858
0.02828427,1.34448,-0.30331708,2.014720228
0.04242641,1.484125,0.8180880424,0.3692949477
0.05656854,1.50973,0.3457587462,1.421209986
0.07071068,1.52289,-0.8429846916,-1.008597047
0.08485281,1.53997,-0.2522664701,0.8913761492
0.09899495,1.5572,1.00493097,1.190035869
0.11313708,1.58553,0.002193055481,-1.939489437
0.12727922,1.61775,0.5078811462,1.064695839
0.14142136,1.64118,0.1337156608,-2.17429377
0.15556349,1.698285,-0.09152775322,-0.206697126
0.16970563,1.712235,1.029782879,1.716246645
0.18384776,1.73573,1.083630256,0.2243184167
0.1979899,1.768855,1.031870968,-1.428982097
0.21213203,1.83055,0.3446706612,-1.815584066
0.22627417,1.863705,-0.6920713197,0.1619799746
0.24041631,1.903205,0.7246558335,0.4941644704
0.25455844,1.944245,0.3290522742,2.190035441
0.26870058,1.97741,0.461742319,-1.589573177
0.28284271,2.004255,0.8722496717,2.503714382
0.29698485,2.03739,-0.6651046858,0.6054224361
0.31112698,2.061005,0.3300523679,1.057323231
0.32526912,2.09646,0.173297746,0.4097067633
0.33941125,2.12262,0.9809084663,-1.82225405
0.35355339,2.16117,0.8959135048,-0.7577845187
0.36769553,2.17416,-0.5247599131,0.9447742695
0.38183766,2.21394,1.270133875,-1.720076349
0.3959798,2.228015,1.215996187,0.6137432023
0.41012193,2.269735,-0.1043291257,0.5527611929
0.42426407,2.300045,0.1567094974,-1.714022091
0.4384062,2.322935,0.009034418352,0.5891506686
0.45254834,2.343805,-0.4225077338,-1.56457405
0.46669048,2.358175,0.4493102177,0.3533729023
0.48083261,2.38632,-0.3656243516,0.9156058066
0.49497475,2.41103,0.4683474645,1.373132313
0.50911688,2.435255,0.5269449945,2.369069058
0.52325902,2.45412,0.8830869692,2.767964309
0.53740115,2.473295,-0.4316438888,0.5766351173
0.55154329,2.497115,1.175954893,0.5060995942
0.56568542,2.52381,0.1613271918,2.93884258
0.57982756,2.53976,-0.153379332,3.0138401
0.5939697,2.556265,0.1478756709,-1.426247804
0.60811183,2.57265,1.197836238,0.8512204387
0.62225397,2.589835,-0.2505106923,0.5408787624
0.6363961,2.60639,0.5523360745,1.437225982
0.65053824,2.62321,-0.1212446181,2.18251331
0.66468037,2.63983,0.9775806266,2.530209317
0.67882251,2.656115,1.076269235,0.3083585083
0.69296465,2.67349,1.17874361,-0.4008993682
0.70710678,2.692965,1.398713561,-0.1403079293
0.72124892,2.706555,-0.1893113642,-1.462977016
0.73539105,2.725175,1.695001414,0.9316178164
0.74953319,2.748715,1.348197446,-1.610691568
0.76367532,2.76781,-0.1307542538,1.86718997
0.77781746,2.78353,1.142205807,-1.382582866
0.79195959,2.80948,1.3248328,0.8322502326
0.80610173,2.839955,0.01245483472,3.168707796
0.82024387,2.85634,0.3085309682,-0.3824628695
0.834386,2.87321,0.7317427763,0.5333010552
0.84852814,2.8899,1.429391005,0.1999708032
0.86267027,2.906885,0.1876874676,-0.9696267596
0.87681241,2.92358,-0.08692500451,-0.972520807
0.89095454,2.94012,0.7913757377,0.4993386178
0.90509668,2.96169,1.669989147,0.4858187322
0.91923882,2.975965,0.2105833695,-0.8592565553
0.93338095,2.99812,0.6880482316,2.268239417
0.94752309,3.0126,1.565076461,-0.689778984
0.96166522,3.03533,1.143485029,-1.337116339
0.97580736,3.054035,0.05959333729,-1.15325475
0.98994949,3.072575,1.065063674,-0.6782025881
1.00409163,3.09656,0.1251950208,0.5772348184
1.01823376,3.124475,0.9608063419,3.258503354
1.0323759,3.14022,0.2080449732,2.549909889
1.04651804,3.15846,0.8781181271,1.76390062
1.06066017,3.173935,0.9421919578,-0.6492609008
1.07480231,3.190225,1.920864028,2.46298714
1.08894444,3.20714,1.733091128,-0.6512433041
1.10308658,3.225785,2.027483788,1.645895262
1.11722871,3.243585,0.6005727314,0.1138751284
1.13137085,3.2611,0.6242879462,-0.6997423634
1.14551299,3.280335,1.320450505,3.491213094
1.15965512,3.295385,0.3144283365,1.351621854
1.17379726,3.31835,1.085525295,-1.130049624
1.18793939,3.34044,2.132717581,0.7501640536
1.20208153,3.35881,0.934863899,3.145646529
1.21622366,3.37459,1.377885083,-1.102503551
1.2303658,3.408205,1.888560186,3.676073682
1.24450793,3.42552,1.228803567,2.281093439
1.25865007,3.440255,1.103691908,0.1748689678
1.27279221,3.457175,1.632398753,1.798150087
1.28693434,3.474445,2.160726869,2.039804332
1.30107648,3.492105,0.7894608853,2.947122081
1.31521861,3.50762,0.5272424731,0.3086634545
1.32936075,3.52772,1.085105573,3.140678066
1.34350288,3.542405,2.10603247,1.412382025
1.35764502,3.561605,1.137825664,0.5077203274
1.37178716,3.579455,1.757825642,3.795815473
1.38592929,3.60514,1.685913281,3.761008064
1.40007143,3.634815,0.7050323354,2.384474941
1.41421356,3.65647,2.167905545,2.393270332
1.4283557,3.672975,1.373048376,-0.9160523657
1.44249783,3.689655,1.398080645,0.5898028337
1.45663997,3.70643,2.187219319,1.905408341
1.4707821,3.7238,0.7835713914,2.519435786
1.48492424,3.74048,0.4977345465,1.03924095
1.49906638,3.756455,2.371884828,-0.7924923301
1.51320851,3.77305,2.47421431,-0.3751167746
1.52735065,3.789445,0.6458643098,-0.8514395667
1.54149278,3.80636,0.7254272639,1.700444853
1.55563492,3.82304,2.117140659,0.4788345253
1.56977705,3.83999,2.552965898,1.007807513
1.58391919,3.8559,2.018092162,1.432703842
1.59806133,3.873515,2.300859835,2.052447866
1.61220346,3.889425,1.178711166,2.430457738
1.6263456,3.9063,1.289897719,-0.4942942787
1.64048773,3.9231,2.136496732,3.734788856
1.65462987,3.93976,2.41532693,1.106046098
1.668772,3.95632,2.340676547,3.649734154
1.68291414,3.97372,0.8365824722,2.624731738
1.69705627,3.9896,0.7297502831,4.106945841
1.71119841,4.01003,2.228646694,1.084067595
1.72534055,4.022925,2.464138142,-0.4047010246
1.73948268,4.040425,2.027387769,2.979304912
1.75362482,4.05665,2.362211266,1.257999867
1.76776695,4.07349,0.9630446716,0.8285114841
1.78190909,4.08952,1.734582937,0.6059863149
1.79605122,4.106335,2.196251016,0.463004482
1.81019336,4.12312,2.554722459,0.7366381596
1.8243355,4.140055,2.155234064,2.45890541
1.83847763,4.1564,2.193180477,-0.565228078
1.85261977,4.17314,1.048104704,4.249344135
1.8667619,4.19108,2.034836291,0.3627569835
1.88090404,4.20659,2.741347423,2.630198751
1.89504617,4.223165,1.317907956,3.118748577
1.90918831,4.24031,1.349717219,1.369644736
1.92333044,4.256995,1.853488073,3.379352891
1.93747258,4.27279,0.9543112586,3.968184254
1.95161472,4.292155,2.739424849,0.5832521678
1.96575685,4.306395,1.070449933,4.111521946
1.97989899,4.333925,2.663566639,4.06405901
1.99404112,4.35874,2.669311489,3.213766542
2.00818326,4.39927,2.047407829,-0.361345515
2.02232539,4.41947,2.836481863,0.203769125
2.03646753,4.45179,1.915588266,0.08282607432
2.05060967,4.469595,1.765827022,0.2502880912
2.0647518,4.48745,2.694842023,3.302272683
2.07889394,4.50922,1.604519958,2.424104794
2.09303607,4.52421,2.130442241,-0.03021544486
2.10717821,4.540025,1.683381897,0.1160084965
2.12132034,4.55597,3.09740121,3.106953834
2.13546248,4.57806,1.588458788,0.4202550339
2.14960461,4.590945,2.373177505,3.229060671
2.16374675,4.60688,3.071030552,4.02361757
2.17788889,4.62311,1.792540849,1.298703958
2.19203102,4.639835,2.102326117,2.127448227
2.20617316,4.657085,1.602796185,0.5798742529
2.22031529,4.672995,2.490670066,2.64350038
2.23445743,4.689495,1.438827108,0.04745143521
2.24859956,4.706075,2.693641181,1.331562973
2.2627417,4.72339,2.08128723,-0.0625412729
2.27688384,4.740135,2.230724506,0.5588634335
2.29102597,4.7566,1.563746458,0.883895167
2.30516811,4.7734,1.438383916,1.33682395
2.31931024,4.789545,3.222917893,0.753084344
2.33345238,4.807585,1.826404418,0.6136370708
2.34759451,4.82404,3.042431363,1.715957344
2.36173665,4.83962,2.416819986,4.841897963
2.37587878,4.856745,3.281769547,0.6420915934
2.39002092,4.87315,1.59104402,1.970524492
2.40416306,4.89001,2.159196707,0.4710783819
2.41830519,4.90643,2.540680803,2.420004793
2.43244733,4.92326,1.758718617,1.592958097
2.44658946,4.939755,1.641088692,4.564852643
2.4607316,4.956045,3.425245176,3.254808845
2.47487373,4.973375,3.007327344,0.2705323879
2.48901587,4.989625,1.846836247,4.349481299
2.50315801,5.006595,2.588187621,0.0322858575
2.51730014,5.023865,2.170977036,4.624863539
2.53144228,5.03966,2.123185546,3.325761315
2.54558441,5.05636,2.928151487,1.874871042
2.55972655,5.073505,3.265013478,1.774455526
2.57386868,5.089185,1.596786204,1.666716184
2.58801082,5.107045,2.533164348,1.413096601
2.60215295,5.123525,2.661887271,0.5978561
2.61629509,5.139765,2.328124948,1.402417339
2.63043723,5.15694,2.003253453,0.7085729394
2.64457936,5.17273,1.940983811,0.5259959321
2.6587215,5.19111,1.856704189,3.175613237
2.67286363,5.207225,2.113522244,2.60523239
2.68700577,5.22461,3.451031229,0.5561381726
2.7011479,5.23988,2.429038429,2.006639515
2.71529004,5.262325,2.015688936,0.5622305216
2.72943218,5.289865,1.902881039,4.785789517
2.74357431,5.306265,1.835550236,1.217685286
2.75771645,5.322985,2.963065509,3.488412462
2.77185858,5.33967,3.045530749,2.905009855
2.78600072,5.3563,3.52473009,1.370538199
2.80014285,5.37302,2.943219043,0.6403785698
2.81428499,5.38992,3.571512281,3.208887271
2.82842712,5.4063,2.995285342,2.510320872
2.84256926,5.42313,3.795116851,4.472245464
2.8567114,5.439775,2.632709181,4.537218812
2.87085353,5.456415,2.95620931,4.622366486
2.88499567,5.47299,3.706714905,3.309344765
2.8991378,5.48975,2.223950531,0.751794207
2.91327994,5.506255,2.610555147,3.717459061
2.92742207,5.523815,3.74882029,1.052776962
2.94156421,5.53991,2.342396281,1.449433844
2.95570635,5.557115,3.87176191,3.860211187
2.96984848,5.5727,2.815049994,2.767715536
2.98399062,5.58996,2.599679793,2.469049949
2.99813275,5.606345,2.432083408,4.481631455
3.01227489,5.6234,2.841975234,1.244506883
3.02641702,5.639595,3.611262282,5.021984768
3.04055916,5.656615,2.284753386,4.71144479
3.05470129,5.673195,2.947808993,3.299420066
3.06884343,5.68962,3.628001447,1.122945986
3.08298557,5.70655,3.068141713,2.337724208
3.0971277,5.7229,3.766384472,4.762701211
3.11126984,5.73935,3.500399843,3.740676748
3.12541197,5.756905,3.855257483,2.056994102
3.13955411,5.77314,3.703956471,1.940802845
3.15369624,5.789665,3.534995218,2.78841699
3.16783838,5.807225,3.094885034,1.318825831
3.18198052,5.822965,3.466493668,3.536781231
3.19612265,5.839955,4.146742425,2.620377764
3.21026479,5.8562,4.128139365,2.397465378
3.22440692,5.87303,3.842023406,2.081668982
3.23854906,5.889485,3.726355342,4.452600937
3.25269119,5.90641,3.496161848,4.685524249
3.26683333,5.92309,2.538748877,2.973766195
3.28097546,5.939945,2.441442223,4.347066089
3.2951176,5.956735,3.343329058,4.540641855
3.30925974,5.97319,3.181368468,0.9178057163
3.32340187,5.98963,3.96179403,4.886802203
3.33754401,6.00624,3.90325541,4.457794365
3.35168614,6.023065,3.044787232,3.408080047
3.36582828,6.03975,2.491321636,5.495229341
3.37997041,6.05605,3.718252275,4.605133335
3.39411255,6.073095,2.747652886,5.721872437
3.40825469,6.08995,3.325031962,5.699953454
3.42239682,6.106845,3.910829148,4.525249923
3.43653896,6.12324,2.669902145,3.373256792
3.45068109,6.139535,2.944581953,1.540418058
3.46482323,6.156605,2.592273886,2.313227614
3.47896536,6.17315,3.702735619,5.141536797
3.4931075,6.18962,2.907913955,1.609140478
3.50724963,6.206745,4.284977391,4.970275763
3.52139177,6.222665,2.776009111,5.93066026
3.53553391,6.24016,3.455535287,5.393819696
3.54967604,6.25603,3.947144611,6.048302177
3.56381818,6.273035,3.401178642,3.611621277
3.57796031,6.29013,3.004964895,1.906262328
3.59210245,6.306965,4.367069074,2.058892647
3.60624458,6.322995,3.981518577,5.640050604
3.61332257,6.33977,3.72830789,2.46637023
3.62041434,6.356415,4.618000639,5.643989089
3.62751981,6.373505,3.045814648,2.769698559
3.63463891,6.390195,3.945616795,1.747136043
3.64177155,6.40635,2.667750902,3.54174335
3.64891765,6.422925,4.592899354,1.353953206
3.65607713,6.43986,2.84878211,3.939454032
3.66324992,6.456315,3.854972007,5.207275499
3.67043594,6.472425,4.59894251,5.767582933
3.67763511,6.48961,4.565314296,6.061072359
3.68484735,6.50689,3.497380021,2.436823847
3.69207259,6.523015,4.456814113,3.866098609
3.69931075,6.539775,3.955677911,4.822263103
3.70656175,6.55614,3.138850649,5.126091076
3.71382552,6.57328,3.00120248,1.709384419
3.72110199,6.58998,4.398521515,1.724600956
3.72839107,6.606295,4.41357396,4.689018077
3.73569271,6.623345,3.58510225,5.629918589
3.74300681,6.63927,4.608328914,5.665392467
3.75033332,6.656335,2.838704774,4.777782865
3.75767215,6.672495,3.94649154,3.889569947
3.76502324,6.68958,3.283829428,2.952899003
3.77238651,6.70617,4.119501332,2.53274101
3.7797619,6.723475,4.568559329,4.205963928
3.78714932,6.739665,3.396341855,3.260532965
3.79454872,6.75603,4.193093271,2.96142463
3.80196002,6.77238,4.312877927,2.098693003
3.80938315,6.78996,2.97357016,4.483132276
3.81681805,6.80684,3.454650247,1.344652848
3.82426464,6.823215,4.405843692,4.658507746
3.83172285,6.840245,3.662778711,1.944368714
3.83919262,6.85641,4.26347019,1.673114954
3.84667389,6.87338,3.627818163,1.937451417
3.85416658,6.89035,3.014627825,5.932205541
3.86167062,6.906625,3.705659908,3.668146192
3.86918596,6.92305,4.366638765,2.321942464
3.87671252,6.93955,3.58811573,6.315985126
3.88425025,6.955995,3.142499165,3.276339778
3.89179907,6.97323,4.748439592,5.371421247
3.89935892,6.98956,4.891680169,2.509685668
3.90692974,7.00642,3.303169842,6.387550766
3.91451146,7.02333,3.111719881,5.678299464
3.92210403,7.039845,3.776796883,3.312037023
3.92970737,7.056265,4.323950044,1.886130003
3.93732142,7.07315,3.271390251,5.534589426
3.94494613,7.089575,3.360317822,2.639280066
3.95258143,7.106,4.353681153,5.905981782
3.96022727,7.122735,3.594588405,6.175403918
3.96788357,7.139815,3.929799852,5.115881553
3.97555028,7.15643,3.0956083,2.908106388
3.98322733,7.173415,3.963186718,3.138976441
3.99091468,7.18977,3.132959028,5.99136268
3.99861226,7.206345,3.121488914,3.136662382
4.00632001,7.223115,3.2284611,5.327331844
4.01403787,7.239935,3.817112556,5.113344279
4.02176578,7.25613,3.470304324,3.829809632
4.02950369,7.27296,3.808129226,6.275577445
4.03725154,7.28976,4.898314215,5.796651306
4.04500927,7.306315,3.08845108,5.313372157
4.05277683,7.32342,3.982686509,6.489586924
4.06055415,7.340405,3.955687775,5.630427207
4.06834119,7.356345,4.712019074,1.686966015
4.07613788,7.372925,4.231328058,4.425961853
4.08394417,7.389435,4.904880891,4.721713514
4.09176001,7.40626,3.703261099,6.159125547
4.09958534,7.423235,4.755934742,5.487801873
4.10742011,7.440025,4.77092213,2.595996438
4.11526427,7.458365,3.220860242,6.454997857
4.12311775,7.47264,4.414438115,2.624129172
4.13098051,7.490115,4.336485794,5.594745364
4.1388525,7.506915,4.459376377,5.815091287
4.14673365,7.52287,4.036594222,2.45306373
4.15462393,7.53976,4.514939965,5.75808715
4.16252327,7.556165,3.986263883,5.835082702
4.17043163,7.573405,4.403699503,4.277566535
4.17834896,7.58996,4.594276689,3.032903318
4.18627519,7.60643,3.948167382,3.417009454
4.1942103,7.629395,4.739015632,6.2885456
4.20215421,7.65637,4.260593359,1.778625492
4.21010689,7.672435,3.41950116,6.024295203
4.21806828,7.68979,3.980242419,2.78823146
4.22603833,7.70619,3.690988386,6.706304237
4.23401701,7.72294,5.032025084,2.552048621
0,7.739635,-0.6461385951,-1.18891331
0.04242641,7.756185,0.555499328,2.213711173
0.08485281,7.77297,0.7147714131,-0.4132309748
0.12727922,7.78979,1.078264878,-1.315399981
0.16970563,7.805885,0.5205573584,-0.876882597
0.21213203,7.82355,0.01662535732,-1.339029001
0.25455844,7.83973,0.538361991,-0.9525585516
0.29698485,7.856335,-0.370345959,1.002952841
0.33941125,7.873095,-0.5731595174,0.664241875
0.38183766,7.8897,1.23545184,2.766504787
0.42426407,7.906295,-0.007891747094,1.125880606
0.46669048,7.92273,-0.3005652652,1.423404639
0.50911688,7.93955,1.056144178,1.782724944
0.55154329,7.95628,1.256069437,-0.9247123573
0.5939697,7.972465,0.655667377,-0.1481080246
0.6363961,7.990055,1.605562622,-1.328389452
0.67882251,8.006215,1.55511157,2.698626776
0.72124892,8.02308,-0.1933953454,2.009904214
0.76367532,8.03967,0.226984685,0.1081686215
0.80610173,8.055925,0.2313723904,2.70115454
0.84852814,8.072895,0.6907964576,2.702499749
0.89095454,8.089905,0.8991966555,0.785253158
0.93338095,8.106605,1.75632407,2.643292687
0.97580736,8.12325,1.82243649,-0.4499561282
1.01823376,8.139745,0.5163563949,-1.451947965
1.06066017,8.155895,1.630187716,1.805843783
1.10308658,8.1729,0.9671272411,3.552835103
1.14551299,8.190835,1.170031477,0.1313428924
1.18793939,8.20665,2.133137604,-0.4407103823
1.2303658,8.222465,1.469075347,1.237834377
1.27279221,8.239305,0.9048332807,3.275983273
1.31521861,8.25683,1.819092454,-1.131003724
1.35764502,8.273125,1.977542083,1.859346822
1.40007143,8.295555,1.948265934,0.2975387515
1.44249783,8.323305,2.232375795,3.424653562
1.48492424,8.340005,0.7474971517,1.815561106
1.52735065,8.356385,1.78006367,2.12044928
1.56977705,8.37297,2.075866606,3.633971128
1.61220346,8.38946,2.083500303,2.343424772
1.65462987,8.40865,1.851547157,2.644203
1.69705627,8.42357,2.392847714,2.726810345
1.73948268,8.44024,1.088523787,3.778507656
1.78190909,8.456715,1.768431208,1.461020775
1.8243355,8.47737,2.101788298,4.211378163
1.8667619,8.491685,1.16072389,2.465106457
1.90918831,8.508405,1.038313398,2.903270299
1.95161472,8.52254,1.719118005,-0.09932215144
1.97294197,8.546285,2.762746996,2.063694202
1.99449242,8.56789,2.924010299,2.644985461
2.01625891,8.5901,1.106591006,1.137516246
2.03823453,8.605975,1.236248277,0.234641938
2.06041258,8.623225,2.884640338,2.957198777
2.08278659,8.63916,1.808817353,2.588467344
2.10535033,8.65685,1.341453441,2.741943857
2.12809774,8.672845,2.738488074,0.4881501967
2.15102301,8.68974,2.210188781,3.247717625
2.17412051,8.706315,2.958398444,3.712937538
2.19738481,8.72339,2.399417809,3.862059085
2.22081066,8.7398,2.708044513,2.508627638
2.24439301,8.75645,3.096425302,4.227329428
2.26812698,8.772925,1.422786333,3.751526794
2.29200785,8.78927,3.099802227,-0.04761172205
2.31603109,8.806255,1.875416676,3.076761606
2.3401923,8.826445,1.473059865,0.762693984
2.36448726,8.840235,2.489974647,1.003374334
2.38891189,8.86709,1.492376465,0.8937626788
2.41346224,8.890125,2.496388916,1.139938037
2.43813453,8.92263,2.396896951,2.73868432
2.46292509,8.94128,2.384132633,0.631819155
2.48783038,8.95776,3.45762452,1.981025639
2.51284699,8.97373,1.84802784,4.027578474
2.53797163,8.989765,2.384173087,4.329978993
2.56320112,9.006215,2.308324329,0.7109776446
2.5885324,9.02245,1.8052308,2.045893748
2.61396251,9.03966,2.149040128,1.607038403
2.63948859,9.055905,2.64702161,3.217440576
2.66510788,9.07258,3.023293373,1.208685493
2.69081772,9.08954,2.788640753,1.176535187
2.71661554,9.106455,1.913348041,2.391615325
2.74249886,9.12254,2.441903029,0.9240638796
2.76846528,9.14299,3.375341902,4.568336879
2.79451248,9.15707,2.696481346,2.20283576
2.82063823,9.173305,2.377923029,0.9563892521
2.84684035,9.190495,2.719571763,5.08215381
2.87311677,9.209645,3.45394618,4.864156588
2.89946547,9.22339,3.496687977,0.6777084103
2.92588448,9.24014,2.031955216,3.842718016
2.95237193,9.256395,2.576765754,2.380052634
2.97892598,9.276725,3.28945612,2.173106969
3.00554488,9.291405,3.227844906,4.53143207
3.0322269,9.30835,2.731761941,1.538873493
3.05897042,9.32347,3.181897252,4.409737683
3.08577381,9.34709,3.587730864,3.30219042
3.11263554,9.363585,3.76469092,1.412526772
3.13955411,9.384275,3.277858953,3.189765587
3.16652807,9.419035,3.55269114,4.810447736
3.19355601,9.44049,3.869671913,1.014210262
3.22063658,9.456325,2.539825885,3.473478603
3.24776846,9.47315,2.80430062,1.053885674
3.27495038,9.489635,2.43585337,2.804895182
3.3021811,9.50681,2.936480916,4.580758262
3.32945942,9.523285,2.658105279,5.766856095
3.35678418,9.539635,2.858567948,4.421338754
3.38415425,9.55627,2.615898314,2.899564688
3.41156855,9.57291,3.644076438,5.342505356
3.43902602,9.58989,2.874510567,5.23357112
3.46652564,9.6064,3.396239963,2.306537108
3.4940664,9.62329,3.508984804,3.880207086
3.52164734,9.63975,2.957039083,2.346003729
3.54926753,9.656435,2.88760568,4.328738939
3.57692605,9.67329,4.270613862,4.327806389
3.60462203,9.6897,3.7172414,1.372136912
3.63235461,9.70659,2.831023763,4.31437242
3.66012295,9.72303,3.191177285,4.414072389
3.68792625,9.739655,3.223448175,2.790894073
3.71576372,9.75604,4.351140828,1.650250233
3.7436346,9.773465,4.566748853,4.044133054
3.77153815,9.78988,4.415090559,5.827209322
3.79947365,9.80599,3.433924921,4.196219815
3.8274404,9.822915,4.005406054,5.584773937
3.85543772,9.840295,3.217889228,2.61149635
3.88346495,9.856625,3.79906403,3.50100676
3.91152144,9.873025,3.768406039,5.005360893
3.93960658,9.88969,4.127855062,2.817879924
3.96771975,9.906125,3.166210876,4.904808517
3.99586036,9.92304,3.323611792,5.347162854
4.02402783,9.939355,3.736297802,5.158167762
4.05222161,9.95661,3.173534663,5.39237139
4.08044115,9.973445,4.632380702,4.505664622
4.10868592,9.98967,4.535366797,2.512539786
4.1369554,10.006525,3.564455603,5.14197435
4.16524909,10.02538,3.87319791,5.516236024
4.1935665,10.039675,3.8629656,2.125020243
4.22190715,10.056385,4.821345472,1.970780816
4.25027058,10.07244,4.295390836,2.277021218
4.27865633,10.08971,3.607616899,4.32135192
4.30706397,10.1065,4.155365982,6.792383548
4.33549305,10.12303,3.739995641,6.006305999
4.36394317,10.139835,5.175579308,6.788102249
4.39241391,10.15587,4.219632592,4.18979543
4.42090488,10.17294,3.950570732,6.486735803
4.44941569,10.19707,4.863514685,6.792949218
4.47794596,10.223715,5.337045129,6.340518514
4.50649531,10.23962,4.278181491,6.036912142
4.5350634,10.256625,3.878049304,4.298235248
0,10.273225,-0.3614234739,1.558856576
0.02828427,10.29519,0.09866815053,1.062640852
0.05656854,10.312355,1.006037456,0.2307692909
0.08485281,10.32842,-0.7939424366,0.5275462406
0.11313708,10.35351,0.9751571771,-1.913523206
0.14142136,10.371795,0.4890988511,0.3214415703
0.16970563,10.38909,-0.643973805,2.074177393
0.1979899,10.405985,1.009385636,-1.207076887
0.22627417,10.42311,0.8574745887,0.4540605127
0.25455844,10.440655,0.994595323,2.686792644
0.28284271,10.455855,0.2645406568,-1.002823879
0.31112698,10.472895,0.8913830118,0.9281881941
0.33941125,10.489925,1.022524337,1.703329333
0.36769553,10.50592,0.2586558345,-1.942789565
0.3959798,10.523725,0.1829630385,-1.707154454
0.42426407,10.539695,0.08726971934,-0.02236013968
0.45254834,10.556275,0.6565879315,2.311968438
0.48083261,10.57332,0.690311268,2.940107151
0.50911688,10.589265,1.079785483,-0.8474595332
0.53740115,10.60682,0.676246155,-1.117587298
0.56568542,10.623445,0.5218500341,0.1481660438
0.5939697,10.64013,1.45266468,0.5199589647
0.62225397,10.657295,0.572745865,2.413863556
0.65053824,10.68141,0.5883908585,-0.5288746493
0.67882251,10.705705,0.4188577701,2.98940906
0.70710678,10.723085,1.510425232,0.2745440837
0.73539105,10.739175,-0.1497696019,-1.037389868
0.76367532,10.756605,1.023090611,2.410248364
0.79195959,10.772265,0.3396226139,1.759337296
0.82024387,10.78963,-0.01188959417,-0.535427611
0.84852814,10.806395,0.2620954859,1.001129861
0.87681241,10.822725,1.316328803,0.6541718262
0.90509668,10.83907,0.7967715094,1.645929053
0.93338095,10.856675,0.5367705205,2.327884214
0.96166522,10.87282,1.17262397,1.702937988
0.98994949,10.889125,0.4081809001,2.36144259
1.01823376,10.906215,1.34605488,2.670368876
1.04651804,10.92279,0.07131738971,2.620203117
1.07480231,10.939645,0.3317836504,2.406552961
1.10308658,10.95628,1.044215832,-0.5500801391
1.13137085,10.972955,1.482185211,0.3997024264
1.15965512,10.989955,0.7950559625,3.320443318
1.18793939,11.006465,0.4960359967,1.480638434
1.21622366,11.022955,2.099590507,2.806640771
1.24450793,11.039115,1.798506828,2.668418515
1.27279221,11.05625,2.094216505,-0.721204181
1.30107648,11.07283,1.370062607,2.52836121
1.32936075,11.089675,1.457700064,2.548816234
1.35764502,11.106185,1.697877237,-0.1967597366
1.38592929,11.122925,2.254852096,-1.055890412
1.41421356,11.139905,0.9779136875,-0.1619839332
1.44249783,11.156295,1.655018694,3.556029872
1.4707821,11.17305,1.423072459,0.8104541633
1.49906638,11.18962,2.047847908,0.09187297502
1.52735065,11.20661,1.47481561,2.729783551
1.55563492,11.22242,2.180425726,-0.1349348746
1.58391919,11.23938,2.142418653,3.498464632
1.61220346,11.2561,0.6738124632,3.342010064
1.64048773,11.27285,1.575354618,1.454795009
1.668772,11.2896,1.515199067,2.191920076
1.69705627,11.30662,1.121926224,2.483028885
1.72534055,11.326655,1.820338104,1.206900689
1.75362482,11.33948,0.9316476904,2.374454987
1.78190909,11.3566,0.8686486775,3.978400743
1.81019336,11.373025,2.743661394,3.977638298
1.83847763,11.38969,1.864052761,3.944628099
1.8667619,11.40622,1.115816188,0.1675453774
1.89504617,11.4224,2.542128575,2.645221165
1.92333044,11.43915,1.267550957,2.411438755
1.95161472,11.45662,1.591287858,0.155822966
1.97989899,11.47253,2.346883274,4.227398445
2.00818326,11.48931,2.345912058,-0.1907071755
2.03646753,11.5063,1.344006192,3.443533884
2.0647518,11.523765,1.9573775,3.998535922
2.09303607,11.53958,1.102478529,-0.2966585689
2.12132034,11.55606,2.426627902,2.41552717
2.14960461,11.572675,2.910676032,0.8915880808
2.17788889,11.58977,2.170408804,3.990795748
2.20617316,11.60644,3.01934362,2.498733106
2.23445743,11.623025,2.292687668,0.9102188229
2.2627417,11.63979,1.739499427,3.145220771
2.29102597,11.656065,1.501733222,1.446385535
2.31931024,11.67343,3.181877297,2.51714209
2.34759451,11.68959,1.581801772,-0.1451104992
2.37587878,11.7062,3.274286464,3.478148953
2.40416306,11.72272,2.382077295,4.449016399
2.43244733,11.739755,2.724468794,1.149590455
2.4607316,11.75674,2.553524547,2.470745804
2.48901587,11.772935,1.585090679,2.042497161
2.51730014,11.789205,3.388550104,4.256507321
2.54558441,11.80673,2.401297551,1.122808399
2.57386868,11.82278,1.691249391,4.883412184
2.60215295,11.839585,3.094482851,0.1219043566
2.63043723,11.85644,2.681406794,5.125496551
2.6587215,11.87357,3.321542737,1.090200322
2.68700577,11.889485,1.92987816,2.701667912
2.71529004,11.90638,3.46948608,2.053702795
2.74357431,11.923195,2.953515279,5.065974666
2.77185858,11.940295,3.235330678,3.033968875
2.80014285,11.95667,2.371125147,2.640919106
2.82842712,11.973065,2.916279174,2.311902943
2.8567114,11.98999,3.536364763,4.706757123
2.88499567,12.0063,3.611536408,4.297627224
2.91327994,12.02289,3.267501587,3.23753596
2.94156421,12.039635,3.532193812,1.794286588
2.96984848,12.056305,3.214522347,2.288816426
2.99813275,12.072915,2.631761202,1.980299405
3.02641702,12.09004,2.396226222,3.785829693
3.05470129,12.10632,2.43382655,4.463483684
3.08298557,12.12299,2.69797278,0.9316955067
3.11126984,12.13979,4.075197466,5.479314184
3.13955411,12.156285,4.128160351,1.129749839
3.16783838,12.172975,2.939406369,1.957988615
3.19612265,12.18968,3.882600374,0.8018070145
3.22440692,12.206295,2.228542077,4.358759788
3.25269119,12.22311,3.558355559,1.007670265
3.28097546,12.24021,3.797329284,2.28450723
3.30925974,12.25566,3.955111947,3.202817757
3.33754401,12.27277,2.663561875,4.089800252
3.36582828,12.289615,2.705902989,0.924205023
3.39411255,12.30615,3.011740935,3.368197938
3.42239682,12.323495,4.171717494,5.310021884
3.45068109,12.339445,3.852745565,2.294362146
3.47896536,12.3563,4.298448493,5.413545298
3.50724963,12.37289,3.248947779,3.769484179
3.53553391,12.3896,3.797520455,4.759059952
3.56381818,12.406505,3.761888874,2.374128348
3.59210245,12.422895,3.14810495,5.025294449
3.62038672,12.439765,4.087400874,6.05838335
3.64867099,12.455875,2.843924907,4.74291044
3.67695526,12.473055,3.422169714,5.731939163
3.70523953,12.48991,4.082554666,3.698899083
3.7335238,12.506335,3.800270545,2.368788531
3.76180808,12.523425,3.446892012,2.352164624
3.79009235,12.54012,4.051148859,2.713279977
3.81837662,12.555985,3.233375521,2.036822841
3.84666089,12.572875,3.298624182,2.528889089
3.87494516,12.589935,4.541997724,5.124876342
3.90322943,12.60669,3.808173793,1.734203037
3.9315137,12.62347,3.802527059,4.719737195
3.95979797,12.63936,4.179336189,6.121034582
3.98808225,12.65632,3.546859426,5.917334584
4.01636652,12.672945,4.566653475,3.269069399
4.04465079,12.6899,4.423985865,5.019874969
4.07293506,12.70599,5.030018196,2.077645795
4.10121933,12.723105,4.670850189,1.867864667
4.1295036,12.739645,5.070844666,2.315507958
4.15778787,12.756195,4.064849012,6.326164008
4.18607214,12.773245,3.624689097,3.480754406
4.21435642,12.789635,5.076039345,3.944329667
4.24264069,12.806215,4.96534833,2.980762917
4.27092496,12.823075,3.457710845,4.896282718
4.29920923,12.839345,3.928198559,5.317197656
4.3274935,12.85624,4.395261561,4.820502046
4.35577777,12.87291,4.456655103,5.93124008
4.38406204,12.88965,4.193875183,5.855009199
4.41234631,12.90613,4.040755432,5.265320527
4.44063059,12.92309,5.378825465,6.581747885
4.46891486,12.93904,4.111620018,5.011247914
4.49719913,12.956355,4.734620512,5.049014444
4.5254834,12.972465,5.036793554,6.560670612
4.55376767,12.98955,4.638679886,5.596566037
4.58205194,13.006465,4.860053407,7.055561812
4.61033621,13.023105,3.800424962,2.639791519
4.63862048,13.040065,4.174551072,5.64940165
4.66690476,13.056455,4.708544997,5.133211144
4.69518903,13.072865,4.565576311,6.0597752
4.7234733,13.08956,5.511086361,5.736809983
4.75175757,13.10629,3.805776023,5.834078389
4.78004184,13.123315,5.585453295,4.332661632
4.80832611,13.14225,5.153781986,2.489674978
4.83661038,13.156725,4.224869642,6.006322562
4.86489465,13.179485,5.520005749,5.437218028
4.89317893,13.20004,5.416564529,4.650563115
4.9214632,13.216465,5.456528594,6.368735292
4.94974747,13.23824,4.669962889,3.197586847
4.97803174,13.256255,5.201413856,6.482658409
5.00631601,13.27351,4.296552627,3.537199781
5.03460028,13.290265,4.972171094,3.059703374
5.06288455,13.306835,5.277903083,3.775958096
5.09116882,13.324185,5.359042127,4.883844364
5.1194531,13.339335,4.824603269,7.585815451
5.14773737,13.356575,6.035456671,3.799860429
5.17602164,13.372985,4.823340384,3.02486548
5.20430591,13.38956,5.61710703,2.708536296
5.23259018,13.40687,4.919510011,4.455638351
5.26087445,13.42259,5.824935015,5.603436323
5.28915872,13.43963,4.572596224,3.631912476
5.31744299,13.456755,4.667444351,3.027254842
5.34572727,13.473435,4.919124888,5.068882025
5.37401154,13.493105,4.727346435,5.187708903
5.40229581,13.5069,5.74919164,4.8985328
5.43058008,13.52352,5.360118721,5.142379637
5.45886435,13.539705,5.390562912,6.094507203
5.48714862,13.556475,5.89347187,7.799262225
5.51543289,13.57354,4.667774568,3.157315758
5.54371716,13.59014,4.766562987,5.409774027
5.57200144,13.61106,4.644086725,7.528269144
5.60028571,13.62423,5.829827621,7.193887585
5.62856998,13.656255,5.395565015,3.64425118
5.65685425,13.673255,4.797466501,4.766388418
5.68513852,13.690855,6.481421,3.863429678
5.71342279,13.70681,4.993156475,6.551775741
5.74170706,13.7234,6.397062744,4.588529197
5.76999133,13.739905,6.433338821,4.834971842
5.79827561,13.7562,6.767501672,3.442799844
5.82655988,13.77305,5.281479653,6.798174375
5.85484415,13.79246,5.752012122,3.583425118
5.88312842,13.80671,5.310668563,8.20262246
5.91141269,13.827745,5.406679465,5.330001529
5.93969696,13.840855,6.493410795,5.853402996
5.96798123,13.870725,5.136372249,5.030504756
5.9962655,13.88973,6.327838437,3.569340865
6.02454978,13.90619,5.029881762,4.388946811
6.05283405,13.92247,7.05133295,6.366499155
6.08111832,13.93916,5.299686058,4.17391368
6.10940259,13.955925,5.19312457,5.256296934
6.13768686,13.97333,5.140690801,5.35016619
6.16597113,13.989605,5.441943235,8.354904919
6.1942554,14.00639,6.939292726,4.683780822
6.22253967,14.02317,7.064360866,3.917476487
6.25082395,14.04009,7.030228212,6.366940508
6.27910822,14.05694,6.419775078,8.228589918
6.30739249,14.07368,5.840475165,4.469611699
6.33567676,14.095435,5.998018926,7.021049247
6.36396103,14.10716,5.938978287,5.992501157
6.3922453,14.12394,6.843856827,6.742564321
6.42052957,14.14046,6.857422763,6.571927254
6.44881384,14.158225,6.543433676,6.304724917
6.46297145,14.179265,6.341878378,8.868879916
6.47715987,14.195475,7.151086274,5.966157929
6.4913789,14.23075,6.055010979,8.745906962
6.50562833,14.245955,6.397093943,5.117959285
6.51990797,14.26394,6.624375258,6.930541365
6.53421763,14.285995,7.300650106,7.251805959
6.54855709,14.30319,5.930155227,6.144769088
6.56292618,14.32075,7.065117013,6.284265711
6.57732468,14.336325,7.202911493,7.662044746
6.59175242,14.358555,5.790252205,4.129237752
6.6062092,14.37588,5.625871578,4.886014541
6.62069483,14.393995,6.818908679,6.457049563
6.63520912,14.41317,7.089666342,6.154556894
6.64975188,14.43641,7.427148123,4.401675574
6.66432292,14.45464,7.471890623,4.745544481
6.67892207,14.473065,7.671131433,6.180786605
6.69354913,14.489575,6.889578818,7.463783728
6.70820393,14.509415,7.555166086,6.596768984
6.72288628,14.52315,7.608069637,8.552549131
6.73759601,14.540095,7.670971207,6.332039445
6.75233293,14.556735,7.190508441,5.51235155
6.76709687,14.573285,6.772078376,6.236562518
6.78188764,14.59009,6.079896442,8.984189058
6.79670508,14.606315,6.406840688,8.204760903
6.81154902,14.62342,7.457240016,5.172145436
6.82641927,14.644025,6.431211793,6.261598229
0,14.658145,-0.3773424866,0.4299486565
0.07071068,14.68147,-0.2693051433,-2.382438629
0.14142136,14.698495,0.5187796199,-0.1150883359
0.21213203,14.735305,0.3842553626,0.4623882056
0.28284271,14.753525,0.8140482038,-0.9012240526
0.35355339,14.769145,-0.3228965732,-0.6342390118
0.42426407,14.791495,1.01518012,-1.922460147
0.49497475,14.807535,-0.3747005583,0.8153149349
0.56568542,14.82332,1.074516072,0.1030689852
0.6363961,14.8399,1.368477713,-0.2989035421
0.70710678,14.86185,0.8952999657,0.1056386314
0.77781746,14.879025,1.292996012,1.830034962
0.84852814,14.8943,1.291995728,-0.8679272505
0.91923882,14.91232,0.1945660771,3.382997046
0.98994949,14.934765,1.499543302,0.1245705384
1.06066017,14.95157,1.688049078,1.034838752
1.13137085,14.97033,2.033218198,3.240860698
1.20208153,14.990085,1.504534287,-1.103083203
1.27279221,15.006755,2.135611064,-0.8908917167
1.34350288,15.023375,1.774306034,3.055690768
1.41421356,15.03998,2.091111357,3.038250594
1.48492424,15.056425,1.307847173,0.611115197
1.55563492,15.072905,1.758950922,1.526026695
1.6263456,15.089165,1.128624185,3.472573706
1.69705627,15.106985,1.802407355,2.484311779
1.76776695,15.12331,1.985377415,0.4841637395
1.83847763,15.13961,1.979886968,3.875226012
1.90918831,15.157305,1.804799144,-0.5096389524
1.97989899,15.172435,1.59356878,1.460332259
2.05060967,15.18918,2.945937293,0.5281398155
2.12132034,15.205905,2.965157621,-0.3509674137
2.19203102,15.223335,2.394577098,0.7375680423
2.2627417,15.241665,2.912323253,0.2801539728
2.33345238,15.25604,2.306165694,3.27558208
2.40416306,15.273465,1.680781114,1.069907573
2.47487373,15.290225,2.141127408,1.740298839
2.54558441,15.30774,2.337128345,0.3928135619
2.61629509,15.323475,2.723462364,4.695173439
2.68700577,15.339125,3.011578626,1.769590552
2.75771645,15.356525,2.080877165,4.705838628
2.82842712,15.372685,3.004022288,4.908372776
2.8991378,15.389845,3.682137541,1.598625495
2.96984848,15.40567,3.91744987,3.458938402
3.04055916,15.422925,4.008567631,5.265424154
3.11126984,15.441175,2.746475483,2.692339179
3.18198052,15.4559,3.051169179,0.6858223314
3.25269119,15.47249,3.962167362,5.578664239
3.32340187,15.48982,2.539152949,4.579509452
3.39411255,15.506595,3.525090351,2.451348666
3.46482323,15.52346,3.292977826,5.78875607
3.53553391,15.545025,3.433362379,3.324106839
3.60624458,15.55711,4.283622227,3.141966016
3.67695526,15.57763,3.625775273,2.689813415
3.74766594,15.590625,4.569810243,1.354348767
3.81837662,15.62246,3.003623711,3.994113631
3.8890873,15.640645,3.736776622,5.958803141
3.95979797,15.659805,4.173361681,4.345392984
4.03050865,15.6732,3.878952507,5.618092116
4.10121933,15.689905,3.741726437,2.581720777
4.17193001,15.70619,3.700038005,5.531153052
4.24264069,15.72298,4.028188743,3.631631429
4.31335137,15.739455,3.482566253,4.547771692
4.38406204,15.757015,4.975013522,4.881735768
4.45477272,15.776735,3.926784419,5.872198501
4.5254834,15.79047,4.035337096,3.572102757
4.59619408,15.8102,4.274357725,5.289423552
4.66690476,15.823685,4.514708299,4.803474753
4.73761543,15.83999,4.448821534,5.400325898
4.80832611,15.856575,3.830693001,7.159945933
4.87903679,15.87364,4.11181502,6.47171944
4.94974747,15.894525,5.887696135,3.656269888
5.02045815,15.909465,4.196227109,6.291903118
5.09116882,15.94089,5.204123604,4.327457561
5.1618795,15.95628,4.502562758,7.065150576
5.23259018,15.97546,5.125471555,3.284501426
5.30330086,15.989125,4.902600234,3.662655211
0,16.00615,-0.4025477842,-0.6976773335
0.01414214,16.022545,-0.5655121457,-1.941191163
0.02828427,16.040085,-0.5355246216,-1.941817051
0.04242641,16.05634,0.5550603709,0.06622133299
0.05656854,16.073335,0.6718044536,-0.2969370049
0.07071068,16.089085,0.1091352052,0.9710590879
0.08485281,16.10811,0.3664724501,-2.24189474
0.09899495,16.123685,-0.05477821464,2.290425002
0.11313708,16.14245,0.1548729898,-0.1708714208
0.12727922,16.156955,0.03481027019,0.04375879307
0.14142136,16.181075,-0.6291328758,-0.3240405626
0.15556349,16.199515,0.03512395,-2.32941388
0.16970563,16.230765,0.419133059,2.46862339
0.18384776,16.24622,-0.2910614932,1.331717897
0.1979899,16.269535,0.8725645509,-0.06656099981
0.21213203,16.282875,1.014692594,-2.231160192
0.22627417,16.306175,-0.6811609242,-0.6326164878
0.24041631,16.323,-0.131447816,1.922170492
0.25455844,16.339965,-0.1623053381,2.21012294
0.26870058,16.355875,0.8345720157,1.850353564
0.28284271,16.37312,0.52829578,0.3997008173
0.29698485,16.38926,0.1943577802,-2.05126045
0.31112698,16.40632,1.293757358,-1.494370231
0.32526912,16.42308,0.2856651739,-1.866963169
0.33941125,16.439955,-0.4803682763,1.381065853
0.35355339,16.45632,1.200064461,-1.312671789
0.36769553,16.472835,-0.20443557,-0.6980741925
0.38183766,16.48922,1.112035818,0.2528577908
0.3959798,16.506315,1.291583916,-0.1708843311
0.41012193,16.523135,1.246403842,-0.3221076449
0.42426407,16.539465,0.3592005356,-1.897085867
0.4384062,16.555675,-0.5172757063,2.510548668
0.45254834,16.57257,1.388228107,-0.07036878808
0.46669048,16.589385,1.134245817,1.313301005
0.48083261,16.60613,-0.0568999681,1.242571243
0.49497475,16.622485,0.7143899478,2.160182169
0.50911688,16.639365,0.6353337821,2.853929037
0.52325902,16.65602,0.7752949703,0.4391640817
0.53740115,16.673105,1.32113756,1.924657737
0.55154329,16.68973,0.7328393093,-0.2485282622
0.56568542,16.705845,0.5484535757,0.8520480786
0.57982756,16.72279,1.26623227,-1.870701284
0.5939697,16.73957,0.5784230578,-1.861899675
0.60811183,16.756185,0.8071780054,1.078450886
0.62225397,16.772855,-0.0341415551,2.980623034
0.6363961,16.78987,-0.2955462097,-0.5339132974
0.65053824,16.806145,0.7263741399,-1.530122907
0.66468037,16.82269,1.60854439,-1.15890062
0.67882251,16.839465,1.303812053,1.596643134
0.69296465,16.85558,1.532694459,-1.180128381
0.70710678,16.87314,0.6074316366,-0.8577247002
0.72124892,16.89002,0.8012297313,-1.602528972
0.73539105,16.90614,0.9598309243,-0.1433329012
0.74953319,16.922435,0.36019502,-1.649592074
0.76367532,16.93967,1.722015406,2.56169496
0.77781746,16.956485,0.7006936904,-0.4443061754
0.79195959,16.97284,0.7658123239,-0.8806894963
0.80610173,16.98976,0.714576702,2.561584764
0.82024387,17.006215,0.6670731363,-0.9936548643
0.834386,17.022535,0.2809180039,-1.568782482
0.84852814,17.039585,-0.1224104225,1.518758831
0.86267027,17.056585,-0.05063451105,0.6982526459
0.87681241,17.07326,0.8538555558,0.8869817098
0.89095454,17.094545,1.598533937,0.64923962
0.90509668,17.106705,1.695033735,-0.3641449691
0.91923882,17.130855,0.627983612,0.5753714738
0.93338095,17.15316,0.04068906061,0.07926985759
0.94752309,17.173145,0.5084991658,0.4731560998
0.96166522,17.18964,1.104026098,0.02495910517
0.97580736,17.20622,1.223865207,-0.6531896328
0.98994949,17.22297,1.419117683,-0.5095267325
1.00409163,17.239055,1.128325387,-0.0636156918
1.01823376,17.25577,1.240350491,2.845395499
1.0323759,17.27458,1.935310501,1.084498561
1.04651804,17.28904,1.555939674,1.464222442
1.06066017,17.30688,0.9549189641,-1.026456253
1.07480231,17.322935,0.9816436002,2.353757767
1.08894444,17.343945,1.385959498,-1.218766283
1.10308658,17.35893,0.1181795816,2.710060245
1.11722871,17.377675,0.8540408018,-0.8632787907
1.13137085,17.389835,0.3620944956,1.77024203
1.14551299,17.412055,1.435838945,2.317909803
1.15965512,17.43921,1.612614646,3.180203578
1.17379726,17.456135,1.259656398,1.118941884
1.18793939,17.47274,1.589149867,-0.3542071393
1.20208153,17.489315,0.2994687516,2.835404281
1.21622366,17.50616,0.7277144655,3.486137426
1.2303658,17.522775,0.9843314664,2.49428838
1.24450793,17.53959,1.177187127,0.3106093268
1.25865007,17.556275,1.463379094,3.282774892
1.27279221,17.572565,2.100129591,3.595421121
1.28693434,17.58953,1.688595602,0.2407503614
1.30107648,17.6065,0.5048849532,0.4597245361
1.31521861,17.62291,2.042493789,1.031577213
1.32936075,17.63939,1.985680752,3.495053939
1.34350288,17.65605,2.223353868,3.66700307
1.35764502,17.673635,0.3780562668,3.357599655
1.37178716,17.689625,1.907653868,1.311615115
1.37887635,17.706225,0.5281473759,3.568027119
1.38600144,17.722885,2.371881628,0.3604646257
1.39316187,17.739455,2.302390292,-0.6617575658
1.4003571,17.75561,2.109190861,3.559894786
1.40758659,17.77326,1.066073271,1.64423472
1.41484982,17.78964,1.970663959,1.24026712
1.42214627,17.8062,2.321677508,2.039638871
1.42947543,17.831745,0.937440025,1.344953541
1.4368368,17.855665,0.7084402322,2.822030552
1.4442299,17.872535,1.008124714,1.488075689
1.45165423,17.88938,1.191247874,-0.1338601067
1.45910932,17.9061,1.379716374,1.435997313
1.4665947,17.92713,1.227047421,1.337560894
1.4741099,17.94287,1.352288099,3.279179904
1.48165448,17.95934,0.6487244265,1.831133612
1.48922799,17.977125,1.797204125,2.888181615
1.49682998,17.999305,1.070127156,3.567934019
1.50446004,18.01663,2.114721379,3.227821471
1.51211772,18.03603,1.902800649,3.332303259
1.51980262,18.05178,0.8686009028,2.642693493
1.52751432,18.0746,1.768879385,3.263099087
1.53525242,18.089125,0.5726744766,1.174709817
1.54301653,18.10633,1.504854036,0.6595646051
1.55080624,18.123115,1.975723517,1.163787283
1.55862119,18.140035,0.869944745,-0.7963809498
1.56646098,18.158465,1.402786934,0.4931279132
1.57432525,18.174315,1.653534656,-0.2150548851
1.58221364,18.190175,1.433263265,0.6394250085
1.59012578,18.206285,1.842754261,1.331138524
1.59806133,18.228295,1.572316509,1.096490791
1.60601993,18.24486,1.200896043,0.6501104956
1.61400124,18.262905,0.7108230168,-0.434080862
1.62200493,18.28982,1.05236464,-0.07759640783
1.63003067,18.30627,1.509204045,-0.2299869805
1.63807814,18.322995,1.837756864,0.7032668969
1.64614702,18.339365,2.3657858,2.740279701
1.65423698,18.35621,1.510941678,3.016945718
1.66234774,18.373715,2.140791228,2.371000868
1.67047897,18.389555,1.888370968,2.456720103
1.67863039,18.40617,1.166695079,0.289813
1.68680171,18.42282,2.279133986,0.9783302085
1.69499263,18.43958,1.882581874,1.490443653
1.70320287,18.45619,2.635630497,3.657382802
1.71143215,18.47356,2.586525394,0.6397385732
1.7196802,18.489565,1.06821896,1.285106324
1.72794676,18.50633,2.413948298,-0.4687169757
1.73623155,18.523375,2.719568154,3.191691937
1.74453432,18.53923,2.652127967,3.764869886
1.75285481,18.55627,0.8643095184,0.08939833219
1.76119278,18.575875,2.396219511,1.873274839
1.76954796,18.590035,1.894066404,2.506041424
1.77792013,18.60727,1.879380075,1.990227622
1.78630904,18.62298,1.397086072,0.2831978083
1.79471446,18.64272,0.9509924193,1.401953693
1.80313616,18.65632,1.616386574,-0.0233761561
1.8115739,18.673605,0.8584337219,-0.4190139738
1.82002747,18.68952,1.807992015,-0.003636346689
1.82849665,18.70968,2.812400027,3.016732643
1.83698122,18.72312,2.784455447,0.5868319197
1.84548097,18.73924,1.74283813,2.324919231
1.85399569,18.756265,1.541908361,2.793269327
1.86252517,18.77308,1.422623633,0.4397709687
1.87106921,18.790645,1.044727043,3.541960821
1.87962762,18.81423,1.485366761,1.772863796
1.8882002,18.83954,1.011054147,4.192309279
1.89678676,18.85631,1.992967342,2.31231549
1.9053871,18.873055,2.763306921,-0.5025577684
1.91400104,18.88888,2.885793441,2.94556819
1.92262841,18.90565,2.203025513,0.7132996487
1.93126901,18.92281,1.117986633,2.416819254
1.93992268,18.939515,1.117035685,0.09794828813
1.94858923,18.95609,1.464803534,2.378703114
1.9572685,18.972885,1.223173728,-0.1792371179
1.96596033,18.990075,1.808901413,3.564329819
1.97466453,19.006515,2.675356597,0.3871673457
1.98338095,19.02399,1.763754886,2.656484568
1.99210943,19.039065,1.894918669,-0.3110431361
2.00084982,19.05846,1.802695913,-0.3466733246
2.00960195,19.072915,2.325354342,4.31695091
2.01836568,19.09758,2.494470454,1.644686132
2.02714084,19.11718,1.169360246,2.26449416
2.03592731,19.13944,2.824093699,2.111885847
2.04472492,19.1557,2.220908151,3.464448744
2.05353354,19.17235,1.66710766,-0.3504077165
2.06235303,19.18949,2.661790437,4.306952461
2.07118324,19.205915,1.602522806,-0.3481340057
2.08002404,19.22279,1.375170103,-0.08465057677
2.0888753,19.239365,1.950425842,1.112023592
2.09773688,19.25616,1.352424222,0.4896250231
2.10660865,19.272875,1.975131759,4.495425555
2.11549049,19.28964,1.768685876,2.455857869
2.12438226,19.305605,2.156174168,4.230452864
2.13328385,19.322775,2.593099544,3.231952385
2.14219514,19.339075,1.707924761,1.624418455
2.15111599,19.356625,1.734534243,3.950734712
2.1600463,19.378075,2.066347989,0.6308924104
2.16898594,19.39264,2.345350544,2.554555914
2.1779348,19.407495,2.422162749,2.962625844
2.18689277,19.43197,2.560953614,2.351426043
2.19585974,19.449605,2.660649569,2.197162533
2.20483559,19.46975,2.659091262,2.255614462
2.21382023,19.48585,1.547560525,0.7475076926
2.22281353,19.50854,1.548313775,0.3180873592
2.2318154,19.52363,1.661751386,3.745387129
2.24082574,19.539495,1.286060684,3.785264689
2.24984444,19.555905,2.978627827,-0.1332207725
2.2588714,19.572985,1.431093867,3.649886261
2.26790652,19.593335,3.218988557,1.844703851
2.27694971,19.61079,2.985195121,1.214741406
2.28600087,19.629555,1.597684779,1.30220219
2.29505991,19.65578,2.678824053,2.098719294
2.30412673,19.67336,1.766275434,0.6834956378
2.31320125,19.689495,2.334275466,0.6499327201
2.32228336,19.7063,2.395957778,2.229952187
2.33137299,19.72723,1.405779571,1.449731271
2.34047004,19.743445,2.955385469,3.190834441
2.34957443,19.76019,2.060930216,3.832722192
2.35868607,19.778375,2.71655485,0.03124695528
2.36780489,19.80213,2.487871983,2.009275432
2.37693079,19.817665,3.30631077,-0.04821284682
2.3860637,19.83862,2.481387641,3.569121042
2.39520354,19.85685,1.459125453,3.338441539
2.40435022,19.877395,2.19963347,3.837533695
2.41350368,19.89414,1.833247937,0.7354854305
2.42266382,19.91214,3.029137756,3.032522322
2.43183059,19.93076,2.189258514,1.959604234
2.44100389,19.95429,2.457119523,0.139338958
2.45018367,19.973515,2.804751537,4.540882963
2.45936984,19.991015,2.058629329,2.646496021
2.46856233,20.00593,2.63003805,4.127531874
2.47776109,20.02283,1.945848897,3.602315944
2.48696602,20.04364,3.223753999,2.09080929
2.49617708,20.06266,2.65286689,2.110455356
2.50539418,20.08125,2.208381942,2.884453579
2.51461727,20.10362,3.208680713,2.947096943
2.52384627,20.124585,2.446947529,1.64275704
2.53308113,20.140535,2.541109781,2.465239707
2.54232177,20.15774,3.449479499,3.694322615
2.55156815,20.1816,1.873567188,3.380798746
2.56082018,20.1986,2.154329546,3.643986199
2.57007782,20.21841,1.820243115,1.12703711
2.579341,20.23382,2.716912348,3.394389563
2.58860967,20.25724,3.502828108,4.129105239
2.59788375,20.27312,2.885741991,1.398560639
2.60716321,20.29001,1.826580267,0.7658246871
2.61644797,20.30899,2.280798003,2.082660145
2.62573799,20.331425,2.047977294,0.950389751
2.63503321,20.348685,1.638091829,4.752063918
2.64433356,20.367525,3.192414162,2.451589306
2.65363901,20.384945,3.423181813,0.9248706691
2.66294949,20.405995,3.217681582,4.387001317
2.67226496,20.426295,2.640530507,1.536187388
2.68158535,20.442,2.974371552,0.8201107877
2.69091063,20.455825,2.169946577,5.138269998
2.70024073,20.4788,3.562782532,4.958195943
2.70957561,20.493815,3.105551901,1.113671962
2.71891522,20.510865,2.101454282,1.284662603
2.72825952,20.529645,1.814861685,2.936649752
2.73760845,20.555635,2.683299634,2.100165644
2.74696196,20.57284,2.696504206,2.195324507
2.75632001,20.589035,1.951465507,2.637112248
2.76568256,20.605455,2.246979066,5.002151669
2.77504955,20.624825,2.35674127,1.491694995
2.78442095,20.63952,3.619343299,3.081499692
2.7937967,20.656865,3.648960394,3.964001259
2.80317677,20.67273,3.591959899,3.463090465
2.81256111,20.68951,3.377914321,0.4328886606
2.82194968,20.712985,3.087715207,1.089012051
2.83134244,20.73449,3.304025495,4.211249389
2.84073934,20.751445,2.23448972,0.895827328
2.85014035,20.77227,2.13316298,5.047477489
2.85954542,20.788935,2.382520604,2.252067037
2.86895451,20.806085,2.41240579,4.923128598
2.87836759,20.82224,2.315234371,4.994734106
2.88778462,20.83975,3.091474529,4.3794305
2.89720555,20.85962,2.401238772,3.914511805
2.90663035,20.876145,3.486411627,1.014503056
2.91605898,20.89167,3.424638067,4.458904049
2.92549141,20.906365,2.231866907,0.7653226304
2.9349276,20.93303,2.164139517,4.140906888
2.9443675,20.950725,3.299237756,2.7430166
2.9538111,20.972725,2.38596317,4.706524275
2.96325834,20.989335,2.528432988,2.191717994
2.9727092,21.005535,3.330567584,2.80188552
2.98216364,21.02244,2.163336042,5.103389163
2.99162163,21.03952,2.48073143,4.387960402
3.00108314,21.05606,2.396123548,1.519630614
3.01054812,21.072045,2.810217295,0.5202169046
3.02001656,21.08963,3.756858824,3.593068089
3.02948841,21.105415,2.831525521,2.030717519
3.03896364,21.123075,2.630578598,5.386501529
3.04844223,21.139145,3.878622062,2.938556073
3.05792413,21.15612,3.179746389,1.297419339
3.06740933,21.172815,3.961898073,5.52209696
3.07689779,21.190005,3.081103194,1.445736081
3.08638948,21.206555,4.031540681,4.380992537
3.09588436,21.223,3.749262358,1.963095364
3.10538242,21.23897,3.945323987,1.776439536
3.11488363,21.256475,3.266320182,2.609667625
3.12438794,21.275035,2.304182715,1.207525052
3.13389534,21.29576,3.754632362,1.603804599
3.1434058,21.31635,2.445004393,2.749093713
3.15291928,21.340525,2.545351487,1.163516021
3.16243577,21.35888,2.344890569,4.031299286
3.17195523,21.3744,3.370678377,5.404901115
3.18147764,21.389525,3.754978298,2.519594819
3.19100298,21.41264,2.388647384,2.377424668
3.20053121,21.428785,4.169542649,2.243376447
3.2100623,21.44483,2.884324258,3.983950582
3.21959625,21.463505,3.936216605,2.371440195
3.22913301,21.487485,3.389263176,4.032502009
3.23867257,21.50564,2.379256277,4.983373456
3.24821489,21.52365,2.472502094,2.706473587
3.25775997,21.53886,3.455978246,0.8338546249
3.26730776,21.556235,3.072583121,2.073249489
3.27685825,21.574525,3.165486069,2.571157715
3.28641142,21.59038,3.097979761,4.717098271
3.29596723,21.6071,2.828911288,3.859822199
3.30552568,21.628855,4.02328892,2.888148764
3.31508673,21.645675,2.973974417,2.250665983
3.32465036,21.662015,3.345821245,3.452291301
3.33421655,21.68081,4.050683533,3.381087276
3.34378528,21.70591,2.448776851,5.401512573
3.35335653,21.72323,3.514044487,1.588742789
3.36293027,21.739435,3.395269477,3.870948671
3.37250649,21.75691,3.857430615,0.8894122218
3.38208516,21.77598,2.603567594,1.70440151
3.39166626,21.790205,4.0270992,5.114168607
3.40124977,21.8074,2.486127015,5.014593129
3.41083567,21.82266,2.974967759,1.913388965
3.42042395,21.838925,3.755265741,4.765478643
3.43001458,21.85625,3.929891737,1.520809383
3.43960754,21.8733,4.43665541,4.763740304
3.44920281,21.889655,4.357067148,2.720811394
3.45880037,21.91012,4.176261863,1.332576805
3.46840021,21.932005,3.85434829,1.23933681
3.4780023,21.9492,4.076360523,1.856700098
3.48760663,21.96832,2.607124242,3.084032978
3.49721318,21.98437,2.683493436,2.406419222
3.50682192,22.00673,2.675497732,4.524426157
3.51643285,22.023105,4.240477033,2.717355479
3.52604594,22.04088,3.774666269,4.996150273
3.53566118,22.05639,4.208913057,5.790331366
3.54527855,22.073245,3.56506845,3.037603529
3.55489803,22.09454,2.690899902,4.172449835
3.5645196,22.111175,2.983106823,4.479642442
3.57414325,22.12954,3.276387894,2.403697303
3.58376897,22.152325,3.765642951,2.269387726
3.59339672,22.1687,4.234435284,3.267477649
3.60302651,22.189445,2.713561621,3.816860068
3.6126583,22.205575,4.348496299,3.337610315
3.62229209,22.222765,3.662027285,5.198298716
3.63192786,22.246475,3.085306577,6.00677293
3.6415656,22.27307,2.875555618,3.40855462
3.65120528,22.289665,3.127196347,4.055001639
3.6608469,22.30613,3.573638376,3.157474123
3.67049043,22.322865,3.783528223,1.45728354
3.68013587,22.339365,4.452563511,3.345614636
3.68978319,22.356095,4.484253186,3.727345142
3.69943239,22.378395,3.4568104,1.558454535
3.70908344,22.39425,2.820855704,3.384119121
3.71873634,22.420885,4.114921352,2.104659762
3.72839107,22.44408,4.594271955,3.901175193
3.73804762,22.4682,4.141681987,2.782143115
3.74770596,22.485715,2.860521933,4.349823259
3.7573661,22.504315,3.779181246,5.299709192
3.76702801,22.52294,3.805275377,4.682960924
3.77669167,22.538915,3.512038867,5.066510701
3.78635709,22.55613,3.515593468,6.174528009
3.79602424,22.572835,3.004245121,4.344856959
3.8056931,22.58994,3.943238489,1.546103213
3.81536368,22.606515,4.003957196,2.40288614
3.82503595,22.622645,3.316664503,1.61571972
3.8347099,22.639145,3.227163486,5.668188696
3.84438552,22.65601,4.552944952,3.542046975
3.85406279,22.673315,4.509664924,2.882157508
0,22.689355,0.4676857293,-1.458905841
0.05656854,22.706595,0.2800209819,-1.478051744
0.11313708,22.72268,1.030802858,1.291911547
0.16970563,22.739635,-0.4383273395,2.531821566
0.22627417,22.756205,-0.6980036519,-0.9238319435
0.28284271,22.772395,-0.1362831299,2.626826716
0.33941125,22.79007,-0.1838079136,-1.763967682
0.3959798,22.80632,-0.3773823507,-0.6972600951
0.45254834,22.82294,-0.1046133198,-0.5654831645
0.50911688,22.83905,1.377976181,-0.4318705013
0.56568542,22.856275,0.3702823084,2.70313752
0.62225397,22.873795,0.6245025177,-0.7644589842
0.67882251,22.88975,-0.1036865381,0.5225793983
0.73539105,22.90714,1.125660161,1.366139869
0.79195959,22.92271,0.8449457579,0.1757767364
0.84852814,22.939245,1.636052778,0.1112060052
0.90509668,22.95608,1.768417798,-0.9890418199
0.96166522,22.973215,0.7750071755,1.941527635
1.01823376,22.990015,0.5138078076,3.076972785
1.07480231,23.0064,2.036104279,-0.4565639344
1.13137085,23.02287,0.9751430873,2.902880968
1.18793939,23.0404,1.059937477,2.247541269
1.24450793,23.055725,2.043830696,3.276625966
1.30107648,23.072355,1.627898608,0.120435022
1.35764502,23.089085,0.9929327065,-0.9811217391
1.41421356,23.106135,1.532782758,2.083789922
1.4707821,23.12313,1.036687135,3.065975798
1.52735065,23.139865,1.331081347,2.446277559
1.58391919,23.15608,1.99758503,1.577087843
1.64048773,23.172735,2.176351202,2.501655544
1.69705627,23.18977,1.189258985,-0.05971186325
1.75362482,23.206555,1.707254882,1.41966816
1.81019336,23.222795,1.366919984,0.8817925006
1.8667619,23.239415,2.759192321,0.6583927532
1.92333044,23.25683,2.532690684,1.632622786
1.97989899,23.27312,1.066778341,0.3018927686
2.03646753,23.28953,1.625440896,2.734036537
2.09303607,23.306385,1.658720848,1.347004651
2.14960461,23.322865,1.211731951,2.706668974
2.20617316,23.34045,1.744704447,1.567742429
2.2627417,23.35565,2.196098641,4.311730098
2.31931024,23.37287,1.564528945,3.803809626
2.37587878,23.38991,2.504663165,1.93292673
2.43244733,23.40622,3.113154713,1.093684095
2.48901587,23.422205,2.136077643,0.2184320477
2.54558441,23.438825,2.364008294,3.465898037
2.60215295,23.456705,3.412375965,0.9797153808
2.6587215,23.47272,3.194061671,1.961907901
2.71529004,23.488975,2.113761664,1.564772212
2.77185858,23.50598,2.944236486,0.8509613659
2.82842712,23.522615,2.896275173,3.709522089
2.88499567,23.539855,2.107965374,2.01156958
2.94156421,23.55611,2.760734832,0.5700135332
2.99813275,23.573025,3.205648173,2.821951783
3.05470129,23.589415,2.065533044,4.831842684
3.11126984,23.60639,2.905835065,1.318719164
3.16783838,23.62285,3.587915246,0.9403414321
3.22440692,23.640145,3.394793203,2.945258764
3.28097546,23.65617,2.622033697,2.53158653
3.33754401,23.67286,2.816440237,4.005775989
3.39411255,23.6894,3.279302857,3.50485173
3.45068109,23.70661,2.649608461,5.020640681
3.50724963,23.72239,2.510954789,4.940387373
3.56381818,23.73976,4.098746056,5.670163397
3.62038672,23.75611,4.430079594,2.320795645
3.67695526,23.77301,3.897258634,2.641378896
3.7335238,23.790925,4.42914857,2.875043499
3.79009235,23.80733,3.208410274,3.466657437
3.84666089,23.82332,4.224276177,4.662353339
3.90322943,23.844975,3.146162291,4.801646728
3.95979797,23.8596,4.916853063,5.45816564
4.01636652,23.8819,4.545619406,3.431147076
4.07293506,23.897865,4.416114214,5.242634528
4.1295036,23.933125,3.970978617,6.368120463
4.18607214,23.951435,3.638159566,4.961269655
4.24264069,23.967855,3.579711854,3.132634403
4.29920923,23.99196,4.032005581,4.851854164
4.35577777,24.00624,3.356844327,1.864615723
4.41234631,24.02315,4.620046613,2.7140437
4.46891486,24.03889,4.706993815,3.064151536
4.5254834,24.056535,4.71284272,4.612930402
4.58205194,24.07416,5.442782506,4.313328925
4.63862048,24.08905,3.729274407,4.310229653
4.69518903,24.105735,4.639383126,4.988786607
4.75175757,24.123195,5.374241584,4.293496903
4.80832611,24.14129,4.643153975,5.375925602
4.86489465,24.156325,5.143767383,2.493026159
4.9214632,24.17323,5.136371831,6.524144039
4.97803174,24.190135,4.303006437,2.907763868
5.03460028,24.20679,4.25656066,4.252121739
5.09116882,24.223605,4.298198537,3.068756908
5.14773737,24.24694,5.887212961,3.890394375
5.20430591,24.27259,6.012245883,3.324451383
5.26087445,24.288905,5.529403148,4.830449786
5.31744299,24.30644,4.515145362,5.570106785
5.37401154,24.32236,5.538864859,7.052101824
5.43058008,24.33941,5.560333944,7.612954319
5.48714862,24.356405,6.433250558,7.825526613
5.54371716,24.373295,5.03560795,3.351668533
5.60028571,24.38975,5.314747407,6.842387068
5.65685425,24.4061,5.031789526,4.326132285
5.71342279,24.422835,5.506418611,4.20686862
5.74177673,24.43945,5.961207476,5.865940647
5.77026862,24.4555,6.333365648,5.435748095
5.79889645,24.473265,4.852463766,4.560817531
5.82765819,24.489655,6.155756343,4.643747648
5.85655189,24.5056,6.459832976,6.567911922
5.88557559,24.522995,4.905135172,4.534266107
5.91472738,24.539395,5.52931679,7.475549036
5.94400538,24.556525,5.099354676,4.760283184
5.97340774,24.57305,6.112582164,8.14497934
6.00293262,24.589525,6.009618915,7.283040159
6.03257822,24.60651,6.46826438,8.308063299
6.06234278,24.62325,5.510728385,4.583375678
6.09222455,24.639435,6.528448488,5.23715777
6.12222182,24.65607,6.423178926,6.717395228
6.15233289,24.67243,5.27337437,8.566193985
6.18255611,24.68971,6.987200102,8.655990239
6.21288983,24.706125,6.568754717,7.512382148
6.24333244,24.723635,5.901391869,7.552297464
6.27388237,24.73977,7.233466755,6.904518914
6.30453805,24.756285,5.653953774,4.738305376
6.33529794,24.773275,6.911767283,4.707644519
6.36616054,24.79002,5.525009268,5.047033197
6.39712435,24.805495,7.30357174,7.328254905
6.42818793,24.82276,5.920913931,7.677266356
6.45934981,24.839575,6.109989578,4.085527159
6.4906086,24.856195,6.538684637,5.216780564
6.52196289,24.87275,6.845615598,7.726516459
6.55341133,24.889885,6.78928207,8.37125351
6.58495254,24.90597,6.67870165,5.900559937
6.61658522,24.92268,7.521409422,7.697403897
6.64830806,24.938925,6.382315723,6.445230565
6.68011976,24.955555,7.077633368,4.329957981
6.71201907,24.972685,5.897408854,6.276268112
6.74400474,24.98954,7.047594427,5.427119721
6.77607556,25.006295,7.622989147,4.968267168
6.80823031,25.022445,6.997458421,5.93522422
6.84046782,25.039265,7.757590997,5.183921291
6.87278692,25.055675,6.365948499,5.268044427
6.90518646,25.07311,7.426462856,5.29796686
6.93766531,25.08943,7.920511462,4.45180553
6.97022238,25.10569,7.524640312,7.331912555
7.00285656,25.122705,7.129178104,7.407637466
7.03556679,25.13897,6.842730066,8.898799286
0,25.156375,-0.1429494677,0.9058391098
0.04242641,25.17266,0.9879486381,2.527952927
0.08485281,25.189555,0.06683400004,-0.9185340899
0.12727922,25.205575,0.6687907535,1.137590458
0.16970563,25.222775,-0.4602259493,-2.010824449
0.21213203,25.239375,0.6406141619,-1.823734682
0.25455844,25.256055,0.08689857629,2.54807604
0.29698485,25.272705,-0.5303419149,0.5598981591
0.33941125,25.290355,0.755624466,2.625803331
0.38183766,25.3057,0.4103917079,-0.2032337393
0.42426407,25.32337,0.08295303321,-1.428698131
0.46669048,25.339335,-0.393031435,-0.8320199794
0.50911688,25.35596,0.8694099268,-1.358071301
0.55154329,25.37319,0.8256481689,0.04801682286
0.5939697,25.38921,-0.3217281955,0.8320903753
0.6363961,25.406035,1.11248538,1.2809218
0.67882251,25.42282,0.5157960244,2.384563788
0.72124892,25.439625,0.796281081,1.105884002
0.76367532,25.455525,0.8400897568,2.276524693
0.80610173,25.47261,0.3587622418,-0.5875520652
0.84852814,25.48952,1.308731372,3.006349587
0.89095454,25.506165,1.621083309,3.155249867
0.93338095,25.523155,0.8949308714,-1.178850689
0.97580736,25.53882,0.07982375694,1.019625598
1.01823376,25.555955,0.7191356262,2.910988059
1.06066017,25.572845,0.7439276351,1.042027609
1.10308658,25.589675,1.112417799,2.993937648
1.14551299,25.605695,1.371928848,3.060538394
1.18793939,25.622705,1.775191815,1.121223712
1.2303658,25.63925,0.81089218,2.841476829
1.27279221,25.65646,1.652490758,-0.1285688634
1.31521861,25.67225,2.304304021,2.72174173
1.35764502,25.689305,2.057240487,1.950611549
1.40007143,25.70663,0.7212630752,3.428190085
1.44249783,25.722865,1.552936378,3.386733691
1.48492424,25.73915,2.471918553,2.124485173
1.52735065,25.75593,0.8544406981,3.584616693
1.56977705,25.77273,0.7010218549,-0.8916034583
1.61220346,25.78889,2.436811923,3.323678118
1.65462987,25.80594,1.28989489,3.352122795
1.69705627,25.822765,2.558614197,2.270206316
1.73948268,25.839385,0.8993832615,3.901500308
1.78190909,25.85608,2.504348804,0.91061573
1.8243355,25.872515,2.553152956,0.4127247122
1.8667619,25.88907,1.095904768,-0.3833919205
1.90918831,25.906615,1.664224953,2.319219875
1.95161472,25.9229,2.384613257,4.377771709
1.99404112,25.939915,2.677169666,3.739304447
2.03646753,25.95672,1.782254166,3.922812168
2.07889394,25.97309,1.853201406,2.210738809
2.12132034,25.98934,1.741504712,3.953679208
2.16374675,26.00597,1.690093456,2.252480091
2.20617316,26.02312,2.79924599,4.519880348
2.24859956,26.038815,2.190406964,0.2932543926
2.29102597,26.056525,2.30143145,2.251120561
2.33345238,26.073045,1.73270579,3.318310833
2.37587878,26.08954,3.006638942,3.161926236
2.41830519,26.105555,1.465372251,1.213765291
2.4607316,26.12259,1.736283976,2.764389296
2.50315801,26.13931,1.902309001,4.524279794
2.54558441,26.15615,2.162543252,1.152525244
2.58801082,26.173015,3.331873412,3.958232699
2.63043723,26.189095,3.54955945,3.367499017
2.67286363,26.20611,3.408047441,2.36359763
2.71529004,26.22267,2.362030434,2.29863992
2.75771645,26.24041,3.523000635,2.915779513
2.80014285,26.25595,2.089490306,1.857231183
2.84256926,26.272625,2.04828628,5.268795536
2.88499567,26.289435,2.943113951,1.919794302
2.92742207,26.306115,2.081248058,2.542621308
2.96984848,26.32312,3.969005652,2.627956626
3.01227489,26.33993,3.625662825,2.359704483
3.05470129,26.356625,2.752235298,0.9798795016
3.0971277,26.372425,2.968323494,0.8838619123
3.13955411,26.389845,4.049336428,4.872512731
3.18198052,26.406175,4.126473149,1.879316064
3.22440692,26.42229,3.844973514,1.03765228
3.26683333,26.439315,4.230797167,4.640924879
3.30925974,26.45617,3.8851276,1.121465568
3.35168614,26.472145,3.707326168,4.703167553
3.39411255,26.48959,3.061418428,2.350422219
3.43653896,26.506015,2.599116486,2.039358389
3.47896536,26.523305,4.088712527,2.543929825
3.52139177,26.53909,3.235370274,5.100096386
3.56381818,26.55608,4.352041292,5.13692306
3.60624458,26.57284,3.131421531,2.79918957
3.64867099,26.58975,3.46573538,2.53305145
3.6910974,26.605855,3.967472344,4.789503822
3.7335238,26.622975,4.07647934,4.500898317
3.77595021,26.6394,2.840273328,3.503580891
3.81837662,26.65603,4.762608259,4.167495016
3.86080303,26.672655,2.970525019,2.29885566
3.90322943,26.68903,4.801988656,6.027329936
3.94565584,26.705485,4.354840918,5.584914252
3.98808225,26.722775,4.141251541,5.372876286
4.03050865,26.73981,3.685910877,2.450637969
4.07293506,26.7555,4.700522243,2.686338698
4.11536147,26.772705,3.649260432,5.231649634
4.15778787,26.78974,4.900023629,3.058180658
4.20021428,26.80662,3.568006529,2.465620688
4.24264069,26.82218,4.610793333,6.075014632
4.28506709,26.839505,3.988222039,3.303277841
4.3274935,26.85637,3.910656658,3.320936659
4.36991991,26.875335,5.049300884,5.716856583
4.41234631,26.88996,3.562431917,5.937183075
4.45477272,26.90566,3.846468915,6.951285567
4.49719913,26.923165,4.998679961,6.709606857
4.53962554,26.93935,5.274440583,7.006778101
4.58205194,26.955665,5.200880806,3.877163903
4.62447835,26.973625,4.255643789,3.315872506
4.66690476,26.995695,4.042683409,3.135744645
4.70933116,27.02306,5.584783965,3.005762037
4.75175757,27.03911,5.411403381,4.799638342
4.79418398,27.05609,4.854595846,4.588424707
4.83661038,27.073005,5.626588039,3.292934309
4.87903679,27.092145,5.355925286,6.700469967
4.9214632,27.109115,4.543535217,4.488950985
4.9638896,27.125635,4.145917378,6.041989343
5.00631601,27.139525,4.56070476,3.719572215
5.04874242,27.165085,5.391491232,5.073573005
5.09116882,27.184305,4.154529941,5.5452297
5.13359523,27.20649,5.072834046,2.973218521
5.17602164,27.222545,4.456833955,6.925805483
5.21844805,27.238995,4.83384338,6.689339807
5.26087445,27.25629,4.543434775,7.246452094
5.30330086,27.272465,4.959413913,6.834816336
5.34572727,27.28944,4.56544209,6.793935687
5.38815367,27.306195,5.764990036,6.738823497
5.43058008,27.322495,5.185561987,6.511461074
5.47300649,27.33885,5.170044107,5.79760962
5.51543289,27.356055,5.622896467,3.526932135
5.5578593,27.37356,6.438597621,6.331087764
5.60028571,27.38929,5.606608316,5.525303885
5.64271211,27.405985,6.031400384,6.615223286
5.68513852,27.42273,6.536389158,7.490128438
5.72756493,27.439895,5.343059919,7.492437272
5.76999133,27.455855,5.20063785,6.601925515
5.81241774,27.47266,5.363557047,3.48608911
5.85484415,27.48931,6.804691553,3.898582511
5.89727056,27.505985,5.861015442,3.64594164
5.93969696,27.52223,5.298339827,7.495820671
5.98212337,27.53978,6.424173182,6.454606897
6.02454978,27.556115,6.916600739,6.268905366
6.06697618,27.57211,6.586394701,5.401375379
6.10940259,27.58979,5.166136035,4.402050618
6.151829,27.60551,6.49895571,5.546304903
6.1942554,27.62314,6.364411972,3.769786237
6.23668181,27.64073,5.371128222,5.096061231
6.27910822,27.656685,6.718004394,4.074799476
6.32153462,27.672785,6.25844987,7.928803458
6.36396103,27.69412,6.497795495,8.516375117
6.40638744,27.706285,6.265184575,4.458172461
6.44881384,27.741075,7.447032392,8.156132552
6.49124025,27.7563,6.07213053,5.922073482
6.53366666,27.779385,5.812138,8.461572627
6.57609307,27.805805,6.04022829,5.882017908
6.59734037,27.823035,6.171473709,6.679713404
6.61865545,27.838815,5.64659638,6.904578455
6.64003765,27.855975,7.285069698,7.863613989
6.66148632,27.878525,7.030357348,8.276660543
6.68300082,27.89688,6.581852423,4.845496623
6.70458052,27.91455,6.324021883,5.526637449
6.7262248,27.93794,6.288477871,5.466418262
6.74793302,27.956205,5.764700563,4.363185796
6.76970457,27.9736,6.137309478,8.412397972
6.79153885,27.989125,6.121345584,9.190407275
6.81343526,28.005965,7.638169749,7.229902123
6.83539319,28.02337,7.34351214,5.237711394
6.85741205,28.039125,6.034871876,6.893835807
6.87949126,28.056125,7.630737872,4.91491968
6.90163024,28.072755,7.191688402,7.736985645
6.92382842,28.089965,6.230568893,6.260911612
6.94608523,28.10595,7.25717884,5.200653373
6.9684001,28.122705,7.950330373,8.356186064
6.99077249,28.1394,7.342360479,6.24088325
7.01320184,28.156955,7.823703953,6.589410138
7.0356876,28.17309,7.239295336,5.757005506
7.05822924,28.189525,6.476720917,5.485084294
7.08082622,28.206325,7.666446761,7.311864991
7.10347802,28.22286,7.066835793,6.222355672
7.12618411,28.239965,6.460642676,6.739396388
7.14894398,28.260105,6.152248613,5.378202495
7.17175711,28.273295,6.702756575,9.501590245
7.19462299,28.29471,7.382861786,5.44232698
7.21754113,28.30676,6.835634999,6.441864296
7.24051103,28.33763,7.84165211,5.515462541
7.2635322,28.356315,6.49360597,8.53173374
7.28660415,28.37345,7.020993943,5.072303748
7.3097264,28.389445,6.667093231,8.581107549
7.33289847,28.405975,7.628954295,7.399734449
7.3561199,28.422605,6.566035442,8.970191769
7.37939022,28.43894,8.237616647,7.715501656
7.40270896,28.456025,8.331966881,5.68212549
7.42607568,28.472635,6.697211316,5.549533394
7.44948992,28.48941,8.368145642,7.22569961
7.47295122,28.506,6.472964198,8.941153606
7.49645916,28.522795,7.805295096,5.749260425
7.5200133,28.539515,7.452382482,9.253498888
7.54361319,28.5559,8.449783984,8.493195329
7.56725842,28.57295,8.369441737,7.728086842
7.59094856,28.589435,7.393653824,5.44015987
7.61468318,28.60664,7.242767928,5.620052367
7.63846189,28.62233,8.048324457,5.924610447
7.66228425,28.63941,7.630363679,6.815114186
7.68614988,28.656015,7.224898543,5.903048589
7.71005837,28.672585,7.379760072,9.673642448
7.73400931,28.68945,7.781380704,6.072845741
7.75800232,28.70594,8.171116017,10.15207283
7.78203701,28.722365,8.52897996,7.318615332
0,28.738965,0.759125755,-1.566979591
0.02828427,28.75614,0.02653543191,1.215950849
0.05656854,28.77263,0.01963082051,-2.227464102
0.08485281,28.789335,0.2089817438,1.451200145
0.11313708,28.80639,-0.351984933,1.84812965
0.14142136,28.822285,-0.3382165204,0.8397120875
0.16970563,28.83907,0.0004372906709,-0.8989926983
0.1979899,28.855825,-0.7171040282,1.113058477
0.22627417,28.876535,-0.6422620618,1.583378288
0.25455844,28.88975,0.341650397,-1.721696181
0.28284271,28.910855,1.204108325,-1.245683613
0.31112698,28.93218,-0.6393004617,-0.1368980876
0.33941125,28.956245,0.3546251129,0.7576784099
0.36769553,28.97245,0.7108029057,1.12543611
0.3959798,28.98962,-0.3629785846,0.1690942285
0.42426407,29.00579,-0.4086682898,1.947038754
0.45254834,29.022335,-0.2215649348,0.01591894591
0.48083261,29.039085,0.3097320443,-0.2458251228
0.50911688,29.05669,-0.1017728148,0.02648263188
0.53740115,29.072295,0.9044736816,1.245878586
0.56568542,29.089035,0.2347610342,-1.300443246
0.5939697,29.106015,0.03451308862,1.935926117
0.62225397,29.12259,1.220488675,-0.9727558754
0.65053824,29.1393,1.54205844,2.166812094
0.67882251,29.15603,0.3254701773,0.005923931081
0.70710678,29.1727,0.07733162321,1.856388375
0.73539105,29.188975,0.7991033085,-1.236870795
0.76367532,29.205725,0.6967237629,-0.4189465313
0.79195959,29.222485,1.690601659,0.9090993775
0.82024387,29.239215,0.9628694846,3.063371166
0.84852814,29.255955,1.024795427,-1.187568619
0.87681241,29.273095,1.066500074,-0.05737165138
0.90509668,29.28931,0.12312778,2.546675061
0.93338095,29.306495,0.5671855491,3.203968855
0.96166522,29.32272,1.666923295,0.9480525273
0.98994949,29.33971,0.4264979801,1.689658245
1.01823376,29.35569,1.199045682,-1.149051016
1.04651804,29.37283,0.1774023784,1.964478406
1.07480231,29.388755,0.7650742426,2.90439201
1.10308658,29.40602,0.5802008571,2.897676067
1.13137085,29.422865,0.6472301738,2.46947443
1.15965512,29.439395,1.156213056,0.07382918371
1.18793939,29.45613,0.6080027122,-0.3342242669
1.21622366,29.472615,1.123797074,0.8723210592
1.24450793,29.489345,1.268702406,2.005855288
1.27279221,29.50605,1.567857383,3.506424326
1.30107648,29.523085,0.4671417988,-0.2005258282
1.32936075,29.539415,0.6992268987,2.390582652
1.35764502,29.55604,1.533330884,3.282318526
1.38592929,29.572695,0.3957563079,-0.006888430508
1.41421356,29.589675,1.828274429,2.53888977
1.44249783,29.60602,1.893489205,0.3208762542
1.4707821,29.62268,1.098567191,0.4291071834
1.49906638,29.6392,0.6855549328,2.217974393
1.52735065,29.656425,1.720705812,0.2322682025
1.55563492,29.672625,0.8702093168,0.19392346
1.58391919,29.68884,1.923978812,3.853839727
1.61220346,29.705955,0.9349712563,3.691304791
1.64048773,29.72218,1.806192808,0.3735592196
1.668772,29.73957,1.881924221,4.060461067
1.69705627,29.75593,2.075751748,3.456384498
1.72534055,29.77222,1.189706398,2.259139185
1.75362482,29.78931,1.080816369,2.876401677
1.78190909,29.805635,1.663765495,3.049699121
1.81019336,29.822695,0.9890974747,0.2968149987
1.83847763,29.83882,1.187635387,1.362072993
1.8667619,29.856095,2.099125384,2.470639071
1.89504617,29.872905,2.06648983,1.173008249
1.92333044,29.88912,2.832135594,1.995633691
1.95161472,29.905955,2.856825854,-0.3399820633
1.97989899,29.922595,1.403108261,-0.3321985191
2.00818326,29.938875,2.708210179,0.3742968753
2.03646753,29.95659,1.811736495,-0.006529816535
2.0647518,29.972765,2.245578936,-0.0030491242
2.09303607,29.9894,1.8795857,2.690224156
2.12132034,30.00642,1.494142219,0.7798351714
2.14960461,30.02272,2.975943935,3.046304426
2.17788889,30.039815,2.986236817,1.293630827
2.20617316,30.055365,1.652710216,0.2459283764
2.23445743,30.0731,3.038897957,4.586199117
2.2627417,30.089485,1.299050013,3.903026312
2.29102597,30.105825,2.158072307,4.274189783
2.31931024,30.12277,3.286729094,0.430777251
2.34759451,30.140995,2.178540918,3.305069252
2.37587878,30.15647,2.983554265,0.6276169804
2.40416306,30.173995,3.287765796,0.5520327988
2.43244733,30.18944,2.020467477,0.3372098308
2.4607316,30.206165,2.840622975,2.30338526
2.48901587,30.222475,2.781097532,0.3262852706
2.51730014,30.239435,2.692323161,3.57546693
2.54558441,30.255915,2.808448531,3.529767392
2.57386868,30.272765,2.691486852,2.52830293
2.60215295,30.289755,2.329919365,3.300508956
2.63043723,30.305585,2.440870239,4.295998201
2.6587215,30.32275,3.626288448,2.371573431
2.68700577,30.33927,3.418705751,2.107165739
2.71529004,30.35636,3.177761357,2.271728016
2.74357431,30.373165,3.21744874,4.213657559
2.77185858,30.39339,3.771694575,2.812142257
2.80014285,30.40588,2.456995721,4.995851344
2.82842712,30.42697,2.734915061,0.6759964144
2.8567114,30.43982,2.870099094,1.077528732
2.88499567,30.457355,2.175281359,5.004997801
2.91327994,30.473335,3.649532223,4.52443749
2.94156421,30.490315,3.535849191,3.368912667
2.96984848,30.51028,3.537845568,2.229470928
2.99813275,30.5233,3.629255604,4.639112966
3.01230809,30.55357,2.470997784,1.092583401
3.02654919,30.572675,3.410983524,4.14032119
3.04085514,30.590545,2.995278618,5.435525948
3.05522503,30.606,3.456070469,2.625114307
3.06965796,30.62198,2.144927919,4.154456707
3.08415304,30.63909,2.759783536,1.707618881
3.09870941,30.656265,2.265715872,2.816833071
3.1133262,30.672735,3.29300277,1.746611435
3.12800256,30.69346,2.898817718,2.385233101
3.14273766,30.70643,3.278872448,3.604408851
3.15753068,30.726755,2.797168618,4.882371407
3.17238081,30.739765,3.972169035,5.349162503
3.18728725,30.75729,3.387377935,5.570537599
3.20224921,30.77318,2.736050794,3.804643836
3.21726592,30.790155,2.847213729,5.393860647
3.23233662,30.81118,3.127861289,1.281779995
3.24746055,30.825305,4.047934083,5.222000049
3.26263697,30.863005,3.823486796,3.283572526
3.27786516,30.8893,4.134351494,5.640707772
3.29314439,30.914555,2.56899789,2.683710143
3.30847397,30.939185,2.793015133,2.473542943
3.32385319,30.955975,3.776507309,2.987364966
3.33928136,30.97202,3.784835633,2.11248923
3.35475782,30.98968,4.048239703,3.479711493
3.37028189,31.006005,3.859825838,3.047936629
3.38585292,31.02232,4.091833505,2.480472921
3.40147027,31.0393,2.861748587,4.974603248
3.4171333,31.055425,2.755642059,2.760482158
3.43284139,31.071965,4.042382605,1.957335658
3.44859392,31.089305,4.148869205,5.472487063
3.46439028,31.105995,4.286669776,2.997371752
3.48022988,31.1228,4.328513908,1.298034225
3.49611213,31.13887,2.530686591,4.330581663
3.51203645,31.155945,3.057904587,4.261424116
3.52800227,31.17234,3.701074575,3.540752945
3.54400903,31.18968,2.582681369,3.73255081
3.56005618,31.20532,2.914798934,3.294991512
3.57614317,31.222105,3.331232996,5.428637278
3.59226948,31.23955,3.716402295,5.519757445
3.60843456,31.25605,3.226882786,4.936362153
3.62463791,31.27294,3.577398153,5.523708917
3.64087901,31.289185,4.01148692,3.496493784
3.65715737,31.306065,4.495044842,1.615441096
3.67347247,31.32223,3.767699126,5.932210524
3.68982384,31.3393,2.753211081,4.508444976
3.706211,31.356115,3.234888324,3.58986519
3.72263348,31.37261,3.648001322,4.763623486
3.7390908,31.38926,4.679638983,4.983654659
3.75558251,31.405965,4.16956203,4.086257741
3.77210816,31.42276,3.081326065,1.864664725
3.78866731,31.43857,3.081285541,1.770139482
3.80525952,31.45627,4.208643977,2.495918309
3.82188435,31.47211,4.593815624,1.427513502
3.83854139,31.489205,4.54156866,5.768881426
3.85523021,31.50522,4.654928753,5.97712852
3.87195041,31.523105,4.017970894,1.656718107
3.88870158,31.539545,3.156508185,3.997070045
3.90548332,31.555735,3.163814413,4.483536653
3.92229525,31.572625,2.950039223,5.818916646
3.93913696,31.58906,4.002415715,2.296782654
3.95600809,31.60602,3.468856856,2.563330982
3.97290825,31.624675,3.915730282,2.61036451
3.98983709,31.639415,4.709325165,5.530458779
4.00679423,31.65548,4.39647966,6.335469512
4.02377932,31.672685,3.748886957,2.678567562
4.040792,31.689405,4.680461401,6.19246863
4.05783193,31.70659,3.179088192,3.874583721
4.07489877,31.732285,3.151483305,1.806156955
4.09199218,31.756,3.887654294,2.496697782
4.10911183,31.772335,5.078087502,4.622618909
4.12625738,31.78937,3.660273828,3.14649704
4.14342853,31.80548,4.684213325,3.662578887
4.16062495,31.82275,4.383905188,5.760334771
4.17784634,31.83902,3.876421929,6.54161724
4.19509237,31.8566,3.593860401,5.527634699
4.21236276,31.87308,3.597353856,3.037191136
4.2296572,31.889345,3.487924312,2.227318531
4.24697539,31.90609,4.722416907,6.097192943
4.26431706,31.923095,4.396400538,3.756558109
4.28168191,31.939325,4.436826573,6.47381982
4.29906967,31.95586,4.931131305,3.778438711
4.31648005,31.97349,3.787721567,5.998621047
4.33391278,31.989415,3.689306473,5.917545714
4.3513676,32.00626,4.011554035,1.901015633
4.36884424,32.022835,4.135576664,2.721171846
4.38634244,32.03919,4.106824992,3.719218814
4.40386194,32.05612,4.163862628,2.245568603
4.42140249,32.072585,4.138646517,3.662077292
4.43896384,32.08894,4.851462594,5.869959016
0,32.10588,-0.1905255215,0.1839059724